"Title","URL handle","Description","Vendor","Product category","Type","Tags","Published on online store","Status","SKU","Variant Barcodes","Option1 name","Option1 value","Option1 Linked To","Option2 name","Option2 value","Option2 Linked To","Option3 name","Option3 value","Option3 Linked To","Price","Compare-at price","Cost per item","Charge tax","Tax code","Unit price total measure","Unit price total measure unit","Unit price base measure","Unit price base measure unit","Inventory tracker","Inventory quantity","Continue selling when out of stock","Weight value (grams)","Weight unit for display","Requires shipping","Fulfillment service","Product image URL","Image position","Image alt text","Variant image URL","Gift card","SEO title","SEO description","Color (product.metafields.shopify.color-pattern)","Google Shopping / Google product category","Google Shopping / Gender","Google Shopping / Age group","Google Shopping / Manufacturer part number (MPN)","Google Shopping / Ad group name","Google Shopping / Ads labels","Google Shopping / Condition","Google Shopping / Custom product","Google Shopping / Custom label 0","Google Shopping / Custom label 1","Google Shopping / Custom label 2","Google Shopping / Custom label 3","Google Shopping / Custom label 4","Packed product length","Packed product width","Packed product height","Packed product dimension unit"
"Zodiac Cruiser Plus Record Player","zodiac-cruiser-plus-record-player","A portable suitcase-style record player with built-in speakers and Bluetooth connectivity.","Crosley","","Record Player","crosley-demo, record-player, best-seller","TRUE","Active","CR-ZOD-TAUPE","","Color","Taupe","","","","","","","","109.00","","59.95","TRUE","","","","","","shopify","18","DENY","2495","g","TRUE","manual","https://cdn.shopify.com/s/files/1/0858/9829/7579/files/cp8005flib-te-w1-zodiac-front.webp?v=1791137249","1","","","FALSE","Zodiac Cruiser Plus Record Player","A portable suitcase-style record player with built-in speakers and Bluetooth connectivity.","taupe","","","","","","","New","FALSE","","","","","","","","",""
"","zodiac-cruiser-plus-record-player","","","","","","","","CR-ZOD-BLACK","","","Black","","","","","","","","109.00","","59.95","TRUE","","","","","","shopify","12","DENY","2495","g","TRUE","manual","","","","","FALSE","","","black","","","","","","","New","FALSE","","","","","","","","",""
"","zodiac-cruiser-plus-record-player","","","","","","","","CR-ZOD-CREAM","","","Cream","","","","","","","","109.00","","59.95","TRUE","","","","","","shopify","8","DENY","2495","g","TRUE","manual","","","","","FALSE","","","cream","","","","","","","New","FALSE","","","","","","","","",""
"C6 Record Player","c6-record-player","A clean, modern turntable designed for simple listening and easy connection to external speakers.","Crosley","","Record Player","crosley-demo, record-player, new-arrival","TRUE","Active","CR-C6-WALNUT","","Color","Walnut","","","","","","","","199.00","","109.45","TRUE","","","","","","shopify","10","DENY","4535","g","TRUE","manual","https://cdn.shopify.com/s/files/1/0858/9829/7579/files/cr6238a-wa-w2-front.webp?v=1791137249","1","","","FALSE","C6 Record Player","A clean, modern turntable designed for simple listening and easy connection to external speakers.","walnut","","","","","","","New","FALSE","","","","","","","","",""
"","c6-record-player","","","","","","","","CR-C6-BLACK","","","Black","","","","","","","","199.00","","109.45","TRUE","","","","","","shopify","7","DENY","4535","g","TRUE","manual","","","","","FALSE","","","black","","","","","","","New","FALSE","","","","","","","","",""
"Nash 7-in-1 Record Player","nash-7-in-1-record-player","A versatile entertainment center combining vinyl playback with radio, CD, cassette, and Bluetooth features.","Crosley","","Record Player","crosley-demo, record-player, new-arrival","TRUE","Active","CR-NASH-ACORN","","Color","Acorn","","","","","","","","219.00","","120.45","TRUE","","","","","","shopify","6","DENY","6800","g","TRUE","manual","https://cdn.shopify.com/s/files/1/0858/9829/7579/files/cr6051a-ab-w2-front.webp?v=1791137249","1","","","FALSE","Nash 7-in-1 Record Player","A versatile entertainment center combining vinyl playback with radio, CD, cassette, and Bluetooth features.","acorn","","","","","","","New","FALSE","","","","","","","","",""
"","nash-7-in-1-record-player","","","","","","","","CR-NASH-BLACK","","","Black","","","","","","","","219.00","","120.45","TRUE","","","","","","shopify","4","DENY","6800","g","TRUE","manual","","","","","FALSE","","","black","","","","","","","New","FALSE","","","","","","","","",""
"Cruiser Plus Record Player","cruiser-plus-record-player","A compact portable record player with built-in speakers and a classic suitcase-inspired design.","Crosley","","Record Player","crosley-demo, record-player, best-seller","TRUE","Active","CR-CRUISER-WALNUT","","Color","Walnut","","","","","","","","79.99","99.00","43.99","TRUE","","","","","","shopify","14","DENY","2495","g","TRUE","manual","https://cdn.shopify.com/s/files/1/0858/9829/7579/files/cr6038b-wa-w11_1-msh9alqx-lcox.webp?v=1791137249","1","","","FALSE","Cruiser Plus Record Player","A compact portable record player with built-in speakers and a classic suitcase-inspired design.","walnut","","","","","","","New","FALSE","","","","","","","","",""
"","cruiser-plus-record-player","","","","","","","","CR-CRUISER-RED","","","Red","","","","","","","","79.99","99.00","43.99","TRUE","","","","","","shopify","2","DENY","2495","g","TRUE","manual","","","","","FALSE","","","red","","","","","","","New","FALSE","","","","","","","","",""
"Voyager Turntable","voyager-turntable","A streamlined portable turntable with three-speed playback and wireless audio connectivity.","Crosley","","Record Player","crosley-demo, record-player","TRUE","Active","CR-VOYAGER-BLACK","","Color","Black","","","","","","","","149.00","","81.95","TRUE","","","","","","shopify","9","DENY","2720","g","TRUE","manual","https://cdn.shopify.com/s/files/1/0858/9829/7579/files/kt300a-bk-w9-front.webp?v=1791137248","1","","","FALSE","Voyager Turntable","A streamlined portable turntable with three-speed playback and wireless audio connectivity.","black","","","","","","","New","FALSE","","","","","","","","",""
"C62 Record Player With Speakers","c62-record-player-with-speakers","A complete turntable system paired with matching external speakers for room-filling sound.","Crosley","","Turntable System","crosley-demo, record-player, speaker, best-seller","TRUE","Active","CR-C62-BLACK","","Color","Black","","","","","","","","299.00","","164.45","TRUE","","","","","","shopify","5","DENY","9070","g","TRUE","manual","https://cdn.shopify.com/s/files/1/0858/9829/7579/files/c92a-bk-w1-v3.webp?v=1791137249","1","","","FALSE","C62 Record Player With Speakers","A complete turntable system paired with matching external speakers for room-filling sound.","black","","","","","","","New","FALSE","","","","","","","","",""
"Dansette Bermuda Record Player","dansette-bermuda-record-player","A mid-century-inspired record player on tapered legs with an integrated speaker cabinet.","Crosley","","Record Player","crosley-demo, record-player, clearance","TRUE","Active","CR-DANSETTE-WALNUT","","Color","Walnut","","","","","","","","179.97","249.00","98.98","TRUE","","","","","","shopify","3","DENY","8165","g","TRUE","manual","https://cdn.shopify.com/s/files/1/0858/9829/7579/files/cr6046a-wamh-w2-front.webp?v=1791137249","1","","","FALSE","Dansette Bermuda Record Player","A mid-century-inspired record player on tapered legs with an integrated speaker cabinet.","walnut","","","","","","","New","FALSE","","","","","","","","",""
"","dansette-bermuda-record-player","","","","","","","","CR-DANSETTE-RED","","","Red","","","","","","","","179.97","249.00","98.98","TRUE","","","","","","shopify","0","DENY","8165","g","TRUE","manual","","","","","FALSE","","","red","","","","","","","New","FALSE","","","","","","","","",""
"Cadence Cube Bluetooth Speaker","cadence-cube-bluetooth-speaker","A compact Bluetooth speaker with retro Crosley styling for everyday wireless listening.","Crosley","","Speaker","crosley-demo, speaker, new-arrival","TRUE","Active","CR-CADENCE-YELLOW","","Color","Lemon Yellow","","","","","","","","89.00","","48.95","TRUE","","","","","","shopify","11","DENY","1360","g","TRUE","manual","https://cdn.shopify.com/s/files/1/0858/9829/7579/files/c6c-lm-w2-yellow-front.webp?v=1791137249","1","","","FALSE","Cadence Cube Bluetooth Speaker","A compact Bluetooth speaker with retro Crosley styling for everyday wireless listening.","lemon yellow","","","","","","","New","FALSE","","","","","","","","",""
"1950s Payphone","1950s-payphone","A functional telephone inspired by classic 1950s public payphones and finished with nostalgic details.","Crosley","","Telephone","crosley-demo, radio-phone","TRUE","Active","CR-PAYPHONE-BLACK","","Color","Black","","","","","","","","99.00","","54.45","TRUE","","","","","","shopify","0","DENY","3628","g","TRUE","manual","https://cdn.shopify.com/s/files/1/0858/9829/7579/files/phone-main_1-msh96qed-7ory.webp?v=1791137249","1","","","FALSE","1950s Payphone","A functional telephone inspired by classic 1950s public payphones and finished with nostalgic details.","black","","","","","","","New","FALSE","","","","","","","","",""
"Skylar Record Player Cabinet","skylar-record-player-cabinet","A compact record-player cabinet with dedicated vinyl storage and a warm retro profile.","Crosley","","Furniture","crosley-demo, furniture, new-arrival","TRUE","Active","CR-SKYLAR-RED","","Color","Red","","","","","","","","249.00","","136.95","TRUE","","","","","","shopify","4","DENY","18140","g","TRUE","manual","https://cdn.shopify.com/s/files/1/0858/9829/7579/files/cr6047a-re-e2-msh8rmwo-thwn.webp?v=1791137249","1","","","FALSE","Skylar Record Player Cabinet","A compact record-player cabinet with dedicated vinyl storage and a warm retro profile.","red","","","","","","","New","FALSE","","","","","","","","",""
"5-in-1 Record Care Set","five-in-one-record-care-set","A practical record-care bundle for cleaning vinyl, maintaining styluses, and organizing everyday accessories.","Crosley","","Accessory","crosley-demo, accessory","TRUE","Active","CR-CARE-5IN1","","Title","Default Title","","","","","","","","39.95","","21.97","TRUE","","","","","","shopify","20","DENY","680","g","TRUE","manual","https://cdn.shopify.com/s/files/1/0858/9829/7579/files/ac1024a-5in1-set-front.webp?v=1791137249","1","","","FALSE","5-in-1 Record Care Set","A practical record-care bundle for cleaning vinyl, maintaining styluses, and organizing everyday accessories.","","","","","","","","New","FALSE","","","","","","","","",""
"Record Player Cleaning Kit","record-player-cleaning-kit","Essential tools for removing dust and keeping records and playback equipment ready to perform.","Crosley","","Accessory","crosley-demo, accessory, best-seller","TRUE","Active","CR-CLEAN-KIT","","Title","Default Title","","","","","","","","19.95","","10.97","TRUE","","","","","","shopify","25","DENY","340","g","TRUE","manual","https://cdn.shopify.com/s/files/1/0858/9829/7579/files/ac20-cleaning-kit-front.webp?v=1791137249","1","","","FALSE","Record Player Cleaning Kit","Essential tools for removing dust and keeping records and playback equipment ready to perform.","","","","","","","","New","FALSE","","","","","","","","",""
