"Handle","Title","Option1 Name","Option1 Value","Option2 Name","Option2 Value","Option3 Name","Option3 Value","SKU","HS Code","COO","Location","Bin name","Incoming (not editable)","Unavailable (not editable)","Committed (not editable)","Available (not editable)","On hand (current)","On hand (new)","Variant Packed Length","Variant Packed Width","Variant Packed Height","Variant Packed Dimension Unit"
"zodiac-cruiser-plus-record-player","Zodiac Cruiser Plus Record Player","Color","Taupe","","","","","CR-ZOD-TAUPE","","","Shop location","","0","0","0","0","0","18","","","",""
"zodiac-cruiser-plus-record-player","Zodiac Cruiser Plus Record Player","Color","Taupe","","","","","CR-ZOD-TAUPE","","","My Custom Location","","not stocked","not stocked","not stocked","not stocked","not stocked","","","","",""
"zodiac-cruiser-plus-record-player","Zodiac Cruiser Plus Record Player","Color","Taupe","","","","","CR-ZOD-TAUPE","","","Snow City Warehouse","","not stocked","not stocked","not stocked","not stocked","not stocked","","","","",""
"zodiac-cruiser-plus-record-player","Zodiac Cruiser Plus Record Player","Color","Black","","","","","CR-ZOD-BLACK","","","Shop location","","0","0","0","0","0","12","","","",""
"zodiac-cruiser-plus-record-player","Zodiac Cruiser Plus Record Player","Color","Black","","","","","CR-ZOD-BLACK","","","My Custom Location","","not stocked","not stocked","not stocked","not stocked","not stocked","","","","",""
"zodiac-cruiser-plus-record-player","Zodiac Cruiser Plus Record Player","Color","Black","","","","","CR-ZOD-BLACK","","","Snow City Warehouse","","not stocked","not stocked","not stocked","not stocked","not stocked","","","","",""
"zodiac-cruiser-plus-record-player","Zodiac Cruiser Plus Record Player","Color","Cream","","","","","CR-ZOD-CREAM","","","Shop location","","0","0","0","0","0","8","","","",""
"zodiac-cruiser-plus-record-player","Zodiac Cruiser Plus Record Player","Color","Cream","","","","","CR-ZOD-CREAM","","","My Custom Location","","not stocked","not stocked","not stocked","not stocked","not stocked","","","","",""
"zodiac-cruiser-plus-record-player","Zodiac Cruiser Plus Record Player","Color","Cream","","","","","CR-ZOD-CREAM","","","Snow City Warehouse","","not stocked","not stocked","not stocked","not stocked","not stocked","","","","",""
"c6-record-player","C6 Record Player","Color","Walnut","","","","","CR-C6-WALNUT","","","Shop location","","0","0","0","0","0","10","","","",""
"c6-record-player","C6 Record Player","Color","Walnut","","","","","CR-C6-WALNUT","","","My Custom Location","","not stocked","not stocked","not stocked","not stocked","not stocked","","","","",""
"c6-record-player","C6 Record Player","Color","Walnut","","","","","CR-C6-WALNUT","","","Snow City Warehouse","","not stocked","not stocked","not stocked","not stocked","not stocked","","","","",""
"c6-record-player","C6 Record Player","Color","Black","","","","","CR-C6-BLACK","","","Shop location","","0","0","0","0","0","7","","","",""
"c6-record-player","C6 Record Player","Color","Black","","","","","CR-C6-BLACK","","","My Custom Location","","not stocked","not stocked","not stocked","not stocked","not stocked","","","","",""
"c6-record-player","C6 Record Player","Color","Black","","","","","CR-C6-BLACK","","","Snow City Warehouse","","not stocked","not stocked","not stocked","not stocked","not stocked","","","","",""
"nash-7-in-1-record-player","Nash 7-in-1 Record Player","Color","Acorn","","","","","CR-NASH-ACORN","","","Shop location","","0","0","0","0","0","6","","","",""
"nash-7-in-1-record-player","Nash 7-in-1 Record Player","Color","Acorn","","","","","CR-NASH-ACORN","","","My Custom Location","","not stocked","not stocked","not stocked","not stocked","not stocked","","","","",""
"nash-7-in-1-record-player","Nash 7-in-1 Record Player","Color","Acorn","","","","","CR-NASH-ACORN","","","Snow City Warehouse","","not stocked","not stocked","not stocked","not stocked","not stocked","","","","",""
"nash-7-in-1-record-player","Nash 7-in-1 Record Player","Color","Black","","","","","CR-NASH-BLACK","","","Shop location","","0","0","0","0","0","4","","","",""
"nash-7-in-1-record-player","Nash 7-in-1 Record Player","Color","Black","","","","","CR-NASH-BLACK","","","My Custom Location","","not stocked","not stocked","not stocked","not stocked","not stocked","","","","",""
"nash-7-in-1-record-player","Nash 7-in-1 Record Player","Color","Black","","","","","CR-NASH-BLACK","","","Snow City Warehouse","","not stocked","not stocked","not stocked","not stocked","not stocked","","","","",""
"cruiser-plus-record-player","Cruiser Plus Record Player","Color","Walnut","","","","","CR-CRUISER-WALNUT","","","Shop location","","0","0","0","0","0","14","","","",""
"cruiser-plus-record-player","Cruiser Plus Record Player","Color","Walnut","","","","","CR-CRUISER-WALNUT","","","My Custom Location","","not stocked","not stocked","not stocked","not stocked","not stocked","","","","",""
"cruiser-plus-record-player","Cruiser Plus Record Player","Color","Walnut","","","","","CR-CRUISER-WALNUT","","","Snow City Warehouse","","not stocked","not stocked","not stocked","not stocked","not stocked","","","","",""
"cruiser-plus-record-player","Cruiser Plus Record Player","Color","Red","","","","","CR-CRUISER-RED","","","Shop location","","0","0","0","0","0","2","","","",""
"cruiser-plus-record-player","Cruiser Plus Record Player","Color","Red","","","","","CR-CRUISER-RED","","","My Custom Location","","not stocked","not stocked","not stocked","not stocked","not stocked","","","","",""
"cruiser-plus-record-player","Cruiser Plus Record Player","Color","Red","","","","","CR-CRUISER-RED","","","Snow City Warehouse","","not stocked","not stocked","not stocked","not stocked","not stocked","","","","",""
"voyager-turntable","Voyager Turntable","Color","Black","","","","","CR-VOYAGER-BLACK","","","Shop location","","0","0","0","0","0","9","","","",""
"voyager-turntable","Voyager Turntable","Color","Black","","","","","CR-VOYAGER-BLACK","","","My Custom Location","","not stocked","not stocked","not stocked","not stocked","not stocked","","","","",""
"voyager-turntable","Voyager Turntable","Color","Black","","","","","CR-VOYAGER-BLACK","","","Snow City Warehouse","","not stocked","not stocked","not stocked","not stocked","not stocked","","","","",""
"c62-record-player-with-speakers","C62 Record Player With Speakers","Color","Black","","","","","CR-C62-BLACK","","","Shop location","","0","0","0","0","0","5","","","",""
"c62-record-player-with-speakers","C62 Record Player With Speakers","Color","Black","","","","","CR-C62-BLACK","","","My Custom Location","","not stocked","not stocked","not stocked","not stocked","not stocked","","","","",""
"c62-record-player-with-speakers","C62 Record Player With Speakers","Color","Black","","","","","CR-C62-BLACK","","","Snow City Warehouse","","not stocked","not stocked","not stocked","not stocked","not stocked","","","","",""
"dansette-bermuda-record-player","Dansette Bermuda Record Player","Color","Walnut","","","","","CR-DANSETTE-WALNUT","","","Shop location","","0","0","0","0","0","3","","","",""
"dansette-bermuda-record-player","Dansette Bermuda Record Player","Color","Walnut","","","","","CR-DANSETTE-WALNUT","","","My Custom Location","","not stocked","not stocked","not stocked","not stocked","not stocked","","","","",""
"dansette-bermuda-record-player","Dansette Bermuda Record Player","Color","Walnut","","","","","CR-DANSETTE-WALNUT","","","Snow City Warehouse","","not stocked","not stocked","not stocked","not stocked","not stocked","","","","",""
"dansette-bermuda-record-player","Dansette Bermuda Record Player","Color","Red","","","","","CR-DANSETTE-RED","","","Shop location","","0","0","0","0","0","0","","","",""
"dansette-bermuda-record-player","Dansette Bermuda Record Player","Color","Red","","","","","CR-DANSETTE-RED","","","My Custom Location","","not stocked","not stocked","not stocked","not stocked","not stocked","","","","",""
"dansette-bermuda-record-player","Dansette Bermuda Record Player","Color","Red","","","","","CR-DANSETTE-RED","","","Snow City Warehouse","","not stocked","not stocked","not stocked","not stocked","not stocked","","","","",""
"cadence-cube-bluetooth-speaker","Cadence Cube Bluetooth Speaker","Color","Lemon Yellow","","","","","CR-CADENCE-YELLOW","","","Shop location","","0","0","0","0","0","11","","","",""
"cadence-cube-bluetooth-speaker","Cadence Cube Bluetooth Speaker","Color","Lemon Yellow","","","","","CR-CADENCE-YELLOW","","","My Custom Location","","not stocked","not stocked","not stocked","not stocked","not stocked","","","","",""
"cadence-cube-bluetooth-speaker","Cadence Cube Bluetooth Speaker","Color","Lemon Yellow","","","","","CR-CADENCE-YELLOW","","","Snow City Warehouse","","not stocked","not stocked","not stocked","not stocked","not stocked","","","","",""
"1950s-payphone","1950s Payphone","Color","Black","","","","","CR-PAYPHONE-BLACK","","","Shop location","","0","0","0","0","0","0","","","",""
"1950s-payphone","1950s Payphone","Color","Black","","","","","CR-PAYPHONE-BLACK","","","My Custom Location","","not stocked","not stocked","not stocked","not stocked","not stocked","","","","",""
"1950s-payphone","1950s Payphone","Color","Black","","","","","CR-PAYPHONE-BLACK","","","Snow City Warehouse","","not stocked","not stocked","not stocked","not stocked","not stocked","","","","",""
"skylar-record-player-cabinet","Skylar Record Player Cabinet","Color","Red","","","","","CR-SKYLAR-RED","","","Shop location","","0","0","0","0","0","4","","","",""
"skylar-record-player-cabinet","Skylar Record Player Cabinet","Color","Red","","","","","CR-SKYLAR-RED","","","My Custom Location","","not stocked","not stocked","not stocked","not stocked","not stocked","","","","",""
"skylar-record-player-cabinet","Skylar Record Player Cabinet","Color","Red","","","","","CR-SKYLAR-RED","","","Snow City Warehouse","","not stocked","not stocked","not stocked","not stocked","not stocked","","","","",""
"five-in-one-record-care-set","5-in-1 Record Care Set","Title","Default Title","","","","","CR-CARE-5IN1","","","Shop location","","0","0","0","0","0","20","","","",""
"five-in-one-record-care-set","5-in-1 Record Care Set","Title","Default Title","","","","","CR-CARE-5IN1","","","My Custom Location","","not stocked","not stocked","not stocked","not stocked","not stocked","","","","",""
"five-in-one-record-care-set","5-in-1 Record Care Set","Title","Default Title","","","","","CR-CARE-5IN1","","","Snow City Warehouse","","not stocked","not stocked","not stocked","not stocked","not stocked","","","","",""
"record-player-cleaning-kit","Record Player Cleaning Kit","Title","Default Title","","","","","CR-CLEAN-KIT","","","Shop location","","0","0","0","0","0","25","","","",""
"record-player-cleaning-kit","Record Player Cleaning Kit","Title","Default Title","","","","","CR-CLEAN-KIT","","","My Custom Location","","not stocked","not stocked","not stocked","not stocked","not stocked","","","","",""
"record-player-cleaning-kit","Record Player Cleaning Kit","Title","Default Title","","","","","CR-CLEAN-KIT","","","Snow City Warehouse","","not stocked","not stocked","not stocked","not stocked","not stocked","","","","",""
